{
    "chisq": 2.015325515504353e-08,
    "intercept": 4.645370560586682e-05,
    "r_val": 0.5163390408175497,
    "slope": 8.726140396690818e-09
}
