location	village k	58.86214	-68.587027
location	village c	59.626697	-77.753784
location	village a	58.03277900000001	-77.182204
location	village d	62.518122	-76.800653
location	village e	59.326912	-65.557907
location	village b	62.001829	-72.614497
location	other village	59.665522	-73.32893
